<?xml version="1.0" encoding="UTF-8" ?>
<root>
  <resourceId>230dd1f3-275b-49e6-b775-462435af67c2</resourceId>
  <resource>
    <dueDate>2023-04-18</dueDate>
    <scopeName>YBs Scope B</scopeName>
    <obsolete>false</obsolete>
    <description>New description</description>
    <title>Requirement for Accounting and Financial Close (J58)</title>
    <type>CALMREQU</type>
    <priorityId>30</priorityId>
    <id>230dd1f3-275b-49e6-b775-462435af67c2</id>
    <scopeId>f15896c1-ef45-4e9e-81c9-907c1f6ecaf3</scopeId>
    <lastChangedTimestamp>2023-08-25T08:34:48.381050600Z</lastChangedTimestamp>
    <createdTimestamp>2023-04-17T10:20:17.673945Z</createdTimestamp>
    <subStatus>CREATED</subStatus>
    <projectId>a3d41c42-973c-46f8-87a9-72046bb4b38b</projectId>
    <startDate>2023-04-09</startDate>
    <status>CIPREQUOPEN</status>
    <approvalState>READY_4_APPR</approvalState>
  </resource>
  <eventType>TASK.UPDATED</eventType>
  <subscriptionId>5b742b3e-36c9-467e-8b37-1c1e633da489</subscriptionId>
  <resourceType>TASK</resourceType>
</root>