{
  "resourceId": "230dd1f3-275b-49e6-b775-462435af67c2",
  "resource": {
    "dueDate": "2023-04-18",
    "scopeName": "YBs Scope B",
    "obsolete": false,
    "description": "New description",
    "title": "Requirement for Accounting and Financial Close (J58)",
    "type": "CALMREQU",
    "priorityId": 30,
    "id": "230dd1f3-275b-49e6-b775-462435af67c2",
    "scopeId": "f15896c1-ef45-4e9e-81c9-907c1f6ecaf3",
    "lastChangedTimestamp": "2023-08-25T08:34:48.381050600Z",
    "createdTimestamp": "2023-04-17T10:20:17.673945Z",
    "subStatus": "CREATED",
    "projectId": "a3d41c42-973c-46f8-87a9-72046bb4b38b",
    "startDate": "2023-04-09",
    "status": "CIPREQUOPEN"
  },
  "eventType": "TASK.UPDATED",
  "subscriptionId": "5b742b3e-36c9-467e-8b37-1c1e633da489",
  "resourceType": "TASK"
}